{
  "project_info": {
    "project_number": "906169925477",
    "firebase_url": "https://bus-booking-25557.firebaseio.com",
    "project_id": "bus-booking-25557",
    "storage_bucket": "bus-booking-25557.appspot.com"
  },
  "client": [
    {
      "client_info": {
        "mobilesdk_app_id": "1:906169925477:android:85d0695da0defe06936b8c",
        "android_client_info": {
          "package_name": "com.example.busapp"
        }
      },
      "oauth_client": [
        {
          "client_id": "906169925477-r91gif1trhk453kh595jvphons2f67m3.apps.googleusercontent.com",
          "client_type": 3
        }
      ],
      "api_key": [
        {
          "current_key": "AIzaSyBdSIDfidfcBvAUGsAmyNkJTFOXvDAGlUM"
        }
      ],
      "services": {
        "appinvite_service": {
          "other_platform_oauth_client": [
            {
              "client_id": "906169925477-r91gif1trhk453kh595jvphons2f67m3.apps.googleusercontent.com",
              "client_type": 3
            }
          ]
        }
      }
    }
  ],
  "configuration_version": "1"
}